Open,High,Low,Close,Adj Close,Volume,Doreturn,Direction
114.550003,115.75,112.660004,113.290001,105.708199,1077200,-0.666380103,Down
113.910004,114.660004,111.800003,114.059998,106.426682,1668900,0.679685215,Up
113.230003,114.150002,110.860001,113.93,106.305359,2065700,-0.113996789,Down
113.849998,114.120003,112.089996,112.209999,104.700478,1327900,-1.509689648,Down
112.139999,113.989998,110.260002,113.519997,105.922813,1439500,1.167458853,Up
113.510002,113.510002,111.209999,112.239998,104.728477,1240500,-1.127553136,Down
111.959999,111.959999,108.580002,109.379997,102.05986,1274500,-2.548129292,Down
110.300003,111.470001,108.970001,111.330002,103.879379,1748900,1.7827959,Up
110.639999,114.32,110.339996,113.879997,106.25872,1834500,2.290484428,Up
114.93,118.269997,114.330002,116.300003,108.516785,2938800,2.125063242,Up
116.550003,117.599998,115.339996,117.199997,109.356514,1381100,0.773824068,Up
119,121.379997,117.589996,118.220001,110.308289,3123700,0.870341386,Up
118.360001,118.489998,116.349998,117.839996,109.953705,1561200,-0.321448191,Down
118.300003,118.610001,113.650002,115.239998,107.527687,2667500,-2.206399502,Down
116.07,116.940002,112.379997,116.410004,108.619423,1871800,1.015306876,Up
115.25,115.25,108.540001,109.82,102.470467,3787800,-5.661009634,Down
108.220001,110.449997,107.129997,110.25,102.871635,2674300,0.391496215,Up
113.379997,119.5,113.349998,119.190002,111.213348,5848900,8.108856246,Up
119.18,121.099998,114.800003,118.57,110.63485,5498900,-0.520169575,Down
116.800003,119.370003,114.669998,117.650002,109.776428,3141800,-0.775905603,Down
117.75,119.379997,111.029999,112.470001,104.943077,4303200,-4.402904237,Down
114.75,116.5,112.910004,114.949997,107.257133,2953000,2.205058272,Up
114.489998,114.489998,110.220001,110.830002,103.412849,3154100,-3.584175609,Down
111,114,110.449997,113.230003,105.771523,3015900,2.280832627,Up
111.809998,115.190002,110.370003,111.68,104.323624,2882400,-1.368893024,Down
115.669998,115.75,110.940002,115.199997,107.611763,1780600,3.151864241,Up
114.029999,114.029999,111.279999,112.339996,104.940147,1671500,-2.482643092,Down
113.150002,116.110001,113.089996,115.889999,108.256302,2142300,3.160044173,Up
115.620003,116.449997,111.919998,112.389999,104.986847,2110900,-3.020105933,Down
113,115.489998,111.059998,113.800003,106.303986,1978700,1.254575252,Up
113.800003,114.82,111,113.050003,105.603386,1881400,-0.659053368,Down
111,111.290001,104.510002,105.190002,98.261124,3167000,-6.952676688,Down
104.790001,108.580002,103.360001,107.559998,100.474983,2853500,2.253036511,Up
110.25,110.43,107.839996,108.610001,101.455841,1765300,0.976221116,Up
108.330002,109.080002,105.120003,106.230003,99.232605,2245000,-2.191333666,Down
108.300003,109.5,106.330002,109.440002,102.231148,1892100,3.021731617,Up
109.400002,110.629997,107.779999,108.809998,101.64267,2065200,-0.575634737,Down
109.029999,114.290001,109.029999,113.18,105.724792,3188600,4.01614991,Up
111.900002,114.660004,111.199997,112.550003,105.136299,1886800,-0.556627248,Down
112.93,114.980003,112.400002,114.580002,107.032608,454200,1.803667257,Up
113.940002,116.449997,113.150002,113.900002,106.397377,2045200,-0.593492966,Down
113.379997,113.379997,107.769997,110.269997,103.006477,3053100,-3.187014657,Down
112.559998,112.940002,108.650002,109.980003,102.735596,2439500,-0.262974725,Down
111,114.900002,110.25,114.330002,106.799072,1965900,3.955275638,Up
113.349998,117.25,113.349998,116.43,108.760727,1814800,1.836771578,Up
116.879997,120.199997,115.75,118.589996,110.77845,2118800,1.855194477,Up
116.889999,120.230003,115.839996,117.339996,109.610771,1957800,-1.054066924,Down
119.629997,120.980003,116.720001,117.949997,110.180603,1667300,0.519868618,Up
118,125.68,118,125.32,117.06514,2947900,6.248411075,Up
125.75,126.419998,124.010002,125.300003,117.046463,1332100,-0.015954365,Down
125.43,128.820007,125.290001,128.029999,119.596626,1575500,2.178761267,Up
129.889999,129.889999,125.459999,125.75,117.466812,2198600,-1.780831175,Down
129.759995,130.600006,126.940002,129.850006,121.296761,3020300,3.260451982,Up
129.25,129.970001,126.940002,129.020004,120.521423,1337100,-0.639207505,Down
129.020004,129.929993,127.610001,128.580002,120.11042,1925200,-0.3410207,Down
125.339996,130.490005,123.349998,124.589996,116.383232,1673200,-3.103134599,Down
125.779999,127.739998,123.980003,126.449997,118.12072,1296800,1.492902345,Up
126.940002,129.979996,125.400002,128.259995,119.811478,2093900,1.431381387,Up
128.899994,132.979996,128.740005,132.889999,124.136467,2011400,3.609828601,Up
134.460007,141.649994,134.270004,139.820007,130.610046,4800400,5.21488903,Up
140.720001,143.399994,139.520004,142.350006,132.973434,1225200,1.809499401,Up
143.990005,149.300003,142.330002,148.509995,138.727585,2648800,4.327293676,Up
148.990005,148.990005,141.899994,142.050003,132.693146,2826300,-4.349847941,Down
143,146.190002,142.289993,143.070007,133.645966,2234500,0.71806271,Up
144.490005,144.490005,141.539993,142,132.646393,1534300,-0.747926054,Down
141.699997,142.369995,138.419998,140.070007,130.843567,3099900,-1.359121767,Down
140.580002,140.580002,136.399994,137.369995,128.321426,3056400,-1.927600308,Down
134.259995,138.279999,132.75,135.289993,126.378441,2652500,-1.514154776,Down
136.660004,136.740005,132.389999,136.119995,127.153748,2653800,0.613480427,Up
138.899994,138.899994,130.380005,130.5,121.903946,3292300,-4.128704095,Down
130,131.509995,124.849998,131.380005,122.725975,3772400,0.674325177,Up
128.110001,128.910004,124.690002,126.860001,118.5037,3383400,-3.440408601,Down
124.010002,127.720001,122.760002,124.510002,116.308495,2489400,-1.852435831,Down
125.43,128.440002,123.510002,128.259995,119.811478,2022900,3.011803222,Up
127.129997,127.129997,120.839996,122,113.963844,2470600,-4.880695988,Down
120.010002,123.940002,112.5,117.870003,110.105896,4213900,-3.385238567,Down
118.760002,121.519997,114.129997,114.75,107.191391,3039600,-2.647001755,Down
114.75,118.559998,110.080002,117.540001,109.797615,3738700,2.431374363,Up
108.449997,114.529999,105.790001,112.779999,105.351151,4103600,-4.049690879,Down
109.480003,113.529999,102.889999,113.199997,105.743515,5113300,0.372434469,Up
114.639999,121.099998,114.639999,117.650002,109.900383,5225500,3.931085514,Up
120.459999,123.900002,117.019997,118.669998,110.853195,3031600,0.86697787,Up
117.870003,120.589996,114.550003,118.75,110.927917,1975000,0.067406266,Up
119.989998,119.989998,115.110001,116.949997,109.246452,2035800,-1.5158177,Down
116.389999,120.029999,114.75,115.5,107.891998,2923400,-1.239815093,Down
114.019997,114.669998,111.43,112.669998,105.248413,3392800,-2.450214148,Down
113.25,117.110001,112.93,115.940002,108.302994,3003300,2.902258488,Up
116.989998,119.410004,115.5,117.459999,109.72287,1988000,1.311021928,Up
117.989998,117.989998,112.800003,113.260002,105.799553,2692700,-3.575660206,Down
113.190002,114.949997,110.07,110.300003,103.034523,3909600,-2.613460947,Down
104.919998,110.300003,103.650002,106.910004,99.867821,6384900,-3.073437822,Down
106.900002,110,105.650002,108.389999,101.250343,3415200,1.384351822,Up
107.68,110.5,105.309998,109.57,102.352585,2485100,1.088630386,Up
109.400002,112.25,106.68,108.139999,101.016792,2730600,-1.305089657,Down
109.480003,112.540001,107.370003,111.709999,104.472382,2806900,3.420807503,Up
112.949997,113.589996,110.330002,111.349998,104.135719,2203400,-0.322250717,Down
110.989998,111.919998,108.739998,110.470001,103.312737,1982700,-0.790297515,Down
112.190002,116.029999,112.190002,114.099998,106.707558,2202500,3.285965602,Up
112.660004,119.410004,112.540001,118.769997,111.074966,2762300,4.09287597,Up
119.059998,119.059998,115.029999,117.57,109.952744,3002400,-1.010328466,Down
118.650002,119.419998,115.980003,119.379997,111.64547,2496200,1.539503189,Up
119.5,120.129997,117.379997,119.489998,111.748352,2367200,0.092150626,Up
119.57,125.550003,118.620003,124.610001,116.536636,3057800,4.284881087,Up
124.650002,124.849998,120.949997,122.019997,114.114426,3349100,-2.078496585,Down
122.489998,124.720001,121.410004,122.989998,115.021584,1470500,0.794954706,Up
121.760002,123.07,120.470001,120.830002,113.001518,2678300,-1.756249505,Down
120.190002,123.540001,118.800003,120.949997,113.113747,1987100,0.099316365,Up
118.93,121.419998,116.559998,118.32,110.654144,2557600,-2.174450998,Down
119.400002,123.629997,119.010002,123.370003,115.376945,1679100,4.268074226,Up
123.080002,124.199997,120.150002,122.150002,114.235985,1728400,-0.988897739,Down
120.830002,122.269997,118.510002,120.260002,112.468452,2093000,-1.547264638,Down
119.239998,120.519997,117.580002,118.32,110.654144,2113500,-1.613170598,Down
119.949997,125.209999,119.839996,125.209999,117.097748,1905800,5.823192668,Up
124.010002,125,120.949997,121.900002,114.00219,1240400,-2.643567492,Down
121.959999,125.660004,118.459999,125.120003,117.01358,1700700,2.64151943,Up
124.809998,125.889999,121.269997,124.449997,116.386971,1510200,-0.535501093,Down
120.720001,122.900002,117.580002,119.150002,111.430374,1868400,-4.258721537,Down
122.839996,124.690002,121.650002,124.68,116.602066,1496300,4.641186971,Up
122.68,124.029999,114.959999,115.040001,107.586647,2208500,-7.731783243,Down
114,115.239998,110.5,113.269997,105.931335,2347800,-1.538584988,Down
112.739998,116.919998,112.739998,116.110001,108.587341,1128500,2.507290218,Up
115.25,119.510002,114.029999,117.480003,109.868568,1475400,1.179904571,Up
117.580002,121.599998,117.580002,119.129997,111.411652,1717400,1.404481762,Up
119.989998,122.330002,118.760002,119.309998,111.579994,1464000,0.151099097,Up
120.620003,120.620003,116.529999,117.940002,110.298752,1182300,-1.148272154,Down
119.110001,120.720001,114,116.400002,108.858551,2494700,-1.305727376,Down
115.410004,118.379997,113.290001,117.699997,110.074303,1696700,1.116818099,Up
116.889999,121.209999,114.720001,120.019997,112.243988,1813600,1.97110946,Up
119.010002,121.400002,118.360001,119.459999,111.720291,2252700,-0.466570201,Down
119.949997,122.699997,119.900002,121.510002,113.637466,1653500,1.716049057,Up
122.360001,126.760002,122.360001,123.620003,115.610786,2025500,1.736504755,Up
123.330002,125.669998,122.010002,123.360001,115.367607,1421000,-0.210342831,Down
124.440002,126.889999,123.669998,126,117.836563,2028600,2.140077327,Up
126,126.150002,123.610001,125.669998,117.527924,1745000,-0.261921251,Down
126.919998,127.169998,124.330002,124.769997,116.686264,1862200,-0.716136192,Down
126.809998,132.460007,125.290001,131.520004,122.998924,3763300,5.409942682,Up
130.100006,131,127.269997,129.830002,121.418396,2578600,-1.284993355,Down
129.979996,134.929993,126.889999,134.399994,125.692345,2696700,3.520017675,Up
133.339996,134.300003,130.110001,133.210007,124.57943,2214200,-0.885427828,Down
133.539993,140.339996,130.320007,138.75,129.760513,2903000,4.158859131,Up
139.960007,139.960007,137.070007,139.610001,130.564789,1633100,0.619815675,Up
139.850006,140.490005,137.460007,140.279999,131.19136,1715000,0.479892783,Up
140.059998,140.779999,135.589996,135.960007,127.151253,2206100,-3.079552647,Down
130.339996,136.410004,130.339996,132.649994,124.05571,3003400,-2.434535977,Down
133,134.990005,130.419998,132.699997,124.102486,2040000,0.03770564,Up
133.449997,133.449997,130.020004,131.130005,122.634209,1581300,-1.183116509,Down
129.169998,130.179993,127.050003,127.879997,119.594772,2363800,-2.478457703,Down
127.480003,128.520004,122.690002,125.410004,117.399536,3026900,-1.835561842,Down
123.43,125.279999,121.43,123.800003,115.89241,2059700,-1.283758055,Down
123.660004,128.5,123.660004,127.989998,119.814751,1340600,3.384467542,Up
129.210007,130.910004,127.739998,129.639999,121.35936,1106000,1.289164303,Up
130.759995,134.320007,129.869995,132.820007,124.336258,2255100,2.452961189,Up
134.210007,134.559998,130.25,130.589996,122.24868,1903100,-1.678977664,Down
131.429993,131.990005,127.190002,130.449997,122.117622,1675400,-0.107206066,Down
130.509995,132.800003,128.559998,131.820007,123.400124,2142700,1.050218616,Up
131.210007,132.490005,130.080002,130.729996,122.3797,1420800,-0.826922994,Down
130.740005,132.839996,128,130.460007,122.126984,2498300,-0.206501568,Down
131,133.300003,128.080002,129.289993,121.0317,2044900,-0.896840292,Down
130.899994,135.559998,128.330002,135.300003,126.657852,3097400,4.648494568,Up
138.169998,141.210007,137.5,140.419998,131.45079,3031000,3.784161759,Up
141.470001,145.210007,140.080002,143.800003,134.614929,2609700,2.407090136,Up
146.669998,146.669998,143.259995,145.679993,136.374817,1841000,1.307349796,Up
146.270004,147.770004,140.770004,141.210007,132.190353,2725600,-3.068355355,Down
141.740005,142.160004,137.199997,139.279999,130.383606,2076700,-1.366776742,Down
139.899994,140.529999,134.669998,136.860001,128.118164,1378900,-1.73752059,Down
136.229996,137.800003,133.479996,136.279999,127.575218,2512000,-0.423785342,Down
135.5,140.539993,133.979996,140.179993,131.226074,1954000,2.861728208,Up
138.190002,139.979996,135.5,136.300003,127.594017,2554800,-2.767786073,Down
137.050003,139.149994,135.229996,136.440002,127.725014,1872600,0.10266704,Up
138.550003,140.039993,135.300003,137.550003,128.764069,2111200,0.813509404,Up
135.860001,138.5,132.830002,132.949997,124.457924,3120000,-3.344213206,Down
132.300003,135.5,129.820007,130.460007,122.126984,3177200,-1.87287392,Down
131.940002,137.639999,131.520004,137.639999,128.848343,2086400,5.503582239,Up
139.880005,140.860001,133.539993,133.820007,125.272392,2069100,-2.775317801,Down
134.690002,139.190002,133.610001,135.419998,126.770134,2261900,1.195588251,Up
135.570007,135.570007,130.029999,131.479996,123.08181,2299400,-2.909458154,Down
132.270004,134.759995,131.800003,133.529999,125.000877,2119400,1.559180028,Up
132.009995,132.210007,129.020004,130.970001,122.604408,1675300,-1.917161749,Down
130.919998,134.139999,130,132.440002,123.980499,2035600,1.122382973,Up
132.130005,134.190002,131.449997,133.119995,124.617065,1871100,0.513440424,Up
133.089996,136.770004,132.710007,136.25,127.54715,1727500,2.351271072,Up
135.490005,137.759995,133.779999,135.75,127.079094,2180400,-0.366967039,Down
137.410004,137.779999,130.539993,130.729996,122.3797,2301800,-3.698007164,Down
131.220001,133.929993,130.059998,130.860001,122.501434,1731500,0.09947238,Up
132.179993,137.300003,131.119995,137.089996,128.333496,1922800,4.760811208,Up
136.360001,136.949997,132.850006,133.399994,124.879158,2196900,-2.691688536,Down
134.199997,136.850006,131.539993,135.029999,126.405022,2492900,1.221872428,Up
135.020004,137.479996,132.779999,135.520004,126.863792,2012300,0.36293653,Up
135.350006,138.949997,135.279999,137.880005,129.073044,1408100,1.741436201,Up
138.990005,141.940002,138.990005,139.139999,130.252579,1925100,0.913850765,Up
139.800003,139.929993,136.029999,139.699997,130.776733,2335900,0.402413529,Up
140.880005,143.309998,134.009995,134.779999,126.171013,2161300,-3.52181913,Down
134.559998,136.059998,130.5,132.270004,123.821373,1835100,-1.862266098,Down
131.360001,133.630005,127.769997,130.610001,122.267387,1883900,-1.255022427,Down
129.990005,131.610001,126.089996,131.399994,123.00692,2436000,0.604848945,Up
133,133.580002,127.25,127.709999,119.552628,2165300,-2.808209489,Down
130.080002,131.369995,125.730003,131.369995,122.978867,1369800,2.865883467,Up
131.789993,134.270004,129.169998,131.860001,123.437523,1339200,0.372955135,Up
131.889999,137.369995,131.889999,134.899994,126.283386,2051100,2.305508836,Up
135.880005,136,128.419998,129.800003,121.509155,1813800,-3.780569362,Down
129.410004,129.570007,123.260002,126.449997,118.3731,2871300,-2.580920754,Down
126.529999,130.979996,119.75,122.300003,114.48819,2555800,-3.281919625,Down
122.720001,125.279999,120.410004,123.620003,115.7239,2402500,1.079334034,Up
125.43,127.790001,121.660004,127.470001,119.327957,1684600,3.1143584,Up
126.349998,132.210007,123.480003,124.209999,116.276199,2989800,-2.557454327,Down
124.040001,124.720001,116.360001,116.610001,109.161636,4402900,-6.118675242,Down
120.089996,120.25,112.889999,116.510002,109.068039,4239300,-0.085741661,Down
115.860001,117.349998,113.349998,115.860001,108.459549,2214300,-0.557899459,Down
116.75,119.790001,115.410004,117.779999,110.256897,2021800,1.657159758,Up
117.449997,119.5,116.080002,117.480003,109.976067,2739200,-0.254705155,Down
116.040001,123.099998,115.709999,122.660004,114.94751,2256000,4.520477169,Up
121.889999,122.190002,118.300003,119.300003,111.798767,2021000,-2.739287697,Down
119.839996,123.57,119.080002,120.279999,112.717148,2018800,0.82145897,Up
120.169998,120.169998,111.5,112.970001,105.866783,2185900,-6.07748255,Down
113.25,114.970001,110.029999,112.480003,105.4076,2742800,-0.433736614,Down
112.989998,117.93,112,117.480003,110.093201,2075900,4.445221217,Up
118.540001,120.349998,115.970001,116.589996,109.25914,1564200,-0.757595376,Down
115.010002,115.339996,110.43,111.830002,104.798454,2277800,-4.082666219,Down
112.239998,112.980003,104.459999,106.959999,100.234688,3111700,-4.354802791,Down
107.940002,109.82,106.93,107.839996,101.059341,1787400,0.82272217,Up
107.949997,111.889999,106.790001,111.410004,104.404877,2045700,3.310466867,Up
110.860001,112.129997,107.139999,109.720001,102.821152,1537300,-1.516907108,Down
108.800003,109.720001,107,108.059998,101.265503,1571200,-1.512965931,Down
109.139999,109.760002,106.099998,106.43,99.737991,1241400,-1.508422863,Down
106.120003,110.019997,106.120003,109.099998,102.240112,1585400,2.508694004,Up
111.32,112.900002,108.629997,111.860001,104.826576,1968700,2.529793786,Up
113.889999,114.669998,112.010002,112.959999,105.857399,1598600,0.983360365,Up
112.709999,112.709999,108.18,109.889999,102.980453,1076600,-2.717756177,Down
110.339996,111.260002,107.690002,108.419998,101.602859,967600,-1.337723772,Down
109.209999,111.43,108.800003,111.199997,104.208069,1081400,2.564110917,Up
112.400002,113.900002,111.709999,112.349998,105.285759,1124700,1.034171356,Up
113.309998,113.690002,109.959999,111.940002,104.901527,1268300,-0.364942043,Down
112.610001,113.269997,109.849998,109.910004,102.999191,800500,-1.813449293,Down
107.25,107.25,104.870003,105.32,98.697777,1542200,-4.176162898,Down
104.489998,106.129997,101.230003,103.279999,96.786041,1855000,-1.936959533,Down
102.68,105.339996,101.610001,104.519997,97.948082,2513100,1.200628715,Up
104.540001,107.110001,102.010002,106.900002,100.178436,1853100,2.277077769,Up
107.989998,109.980003,102.919998,104.019997,97.479523,1995000,-2.694105745,Down
102.459999,103.32,98.550003,98.629997,92.428413,2517700,-5.181713907,Down
99.599998,101.110001,95.940002,98.709999,92.503395,3126600,0.081124405,Up
97.489998,103.010002,97.489998,102.900002,96.429962,2492100,4.244781502,Up
103.75,108.379997,103.379997,107.699997,100.928139,2586400,4.66470888,Up
102.589996,105.480003,101,101.589996,95.202301,2279600,-5.673182976,Down
98.25,107.07,96.709999,106.610001,99.90667,3047200,4.94144464,Up
107.540001,107.849998,101.639999,104.330002,97.77005,2372800,-2.13861597,Down
105.720001,107.93,101.449997,105,98.397903,2655700,0.64217314,Up
110.68,114.779999,108.449997,112.489998,105.416954,2304700,7.133333929,Up
114.419998,117.370003,111,114.160004,106.981956,1763800,1.484582831,Up
113.940002,116.379997,110.790001,111.970001,104.929657,1555100,-1.918359952,Down
113.150002,115.059998,112.419998,113.669998,106.522766,1288600,1.518263802,Up
113.989998,115.580002,113.019997,114.779999,107.562973,1082000,0.976511444,Up
111.889999,111.989998,107.25,111.940002,104.901527,1460900,-2.474314279,Down
106.870003,107.230003,95.18,99.25,93.00943,2858400,-11.33643841,Down
101.489998,105.309998,100.099998,103.059998,96.579903,1696200,3.838829031,Up
102.139999,102.790001,97.82,100.349998,94.040283,1896400,-2.629553273,Down
99,99,90.720001,93.32,87.452316,2669500,-7.005473388,Down
93.849998,99.510002,93.019997,93.730003,87.836525,2019400,0.43933542,Up
89,90.470001,80.32,88.199997,82.654243,2907000,-5.89991692,Down
89.709999,91.309998,80.989998,80.989998,75.897598,2706500,-8.174589416,Down
78.879997,83,71.660004,77,72.158485,4773700,-4.926523498,Down
78.989998,82.669998,73.339996,74.300003,69.62822,2471800,-3.50653842,Down
69.860001,74,64.07,66.730003,62.534222,5470000,-10.18839488,Down
71.660004,82.599998,70.720001,82.599998,77.406342,2892900,23.78236992,Up
84,86.169998,77.169998,82.860001,77.650009,2964600,0.314789452,Up
81.199997,81.199997,67.220001,67.639999,63.386997,4954500,-18.36833271,Down
67.82,71.589996,61.970001,71.580002,67.079269,3608900,5.82496754,Up
70.75,75,68.220001,69.730003,65.345589,2860600,-2.584524289,Down
71.93,77.260002,71.150002,77.239998,72.383385,1785000,10.7701164,Up
75.089996,78.589996,72.349998,75.910004,71.137009,1892500,-1.721908971,Down
72.980003,72.980003,62,64.389999,60.341339,3169000,-15.17588405,Down
67.5,74.349998,67,73.730003,69.094086,5882100,14.50539074,Up
66.989998,72.910004,65.800003,72.580002,68.016403,3037900,-1.559732623,Down
71.720001,74.419998,68.879997,68.910004,64.577164,1966600,-5.056484684,Down
71.120003,76.260002,68.010002,76.260002,71.465012,2862700,10.66607385,Up
78.330002,91.400002,76.57,84.980003,79.636703,5694000,11.43453387,Up
87.489998,89.900002,84.290001,88.220001,82.794785,4030700,3.965611183,Up
86,90.18,82.730003,88.800003,83.339088,2645800,0.657412179,Up
85.650002,86.230003,82.199997,83.669998,78.524567,2122200,-5.777026262,Down
86,90.830002,85.129997,90.169998,84.62484,2307500,7.768617177,Up
87.900002,89.669998,85.68,86.709999,81.377632,1866800,-3.837180667,Down
85.239998,87,80.089996,81.099998,76.112625,2311300,-6.469845424,Down
81.5,83.940002,80.029999,83.029999,77.923935,1372200,2.379776023,Up
85.730003,87.809998,81.5,83.32,78.196098,1383900,0.349267526,Up
81.220001,81.739998,77.129997,78.440002,73.616203,1750500,-5.85693547,Down
76.989998,76.989998,70.559998,71.120003,66.746361,3769900,-9.331970028,Down
71.220001,77.529999,67.949997,77.529999,72.762161,3271900,9.012925813,Up
74.910004,78.309998,72.720001,73.730003,69.195854,1638200,-4.901320894,Down
72.709999,76.330002,72,73,68.510742,1898400,-0.990105563,Down
72.690002,75.82,71.139999,74.720001,70.124962,2243800,2.356156061,Up
75.769997,77.300003,69.589996,69.690002,65.404297,2742100,-6.731789744,Down
67.610001,68.650002,59.459999,60.119999,56.422821,3289800,-13.73224148,Down
63.139999,66.150002,59.389999,65.099998,61.096558,3115400,8.283416031,Up
68.610001,73,66,71.459999,67.06546,2857600,9.769620737,Up
71.870003,73.279999,68.580002,71.730003,67.318855,2021700,0.377832345,Up
71.269997,77.230003,70.339996,76.980003,72.246002,2089900,7.319118841,Up
75.379997,76.059998,72.510002,73.800003,69.261551,931600,-4.130956617,Down
71.580002,71.580002,65.900002,65.910004,61.856762,2702900,-10.69105282,Down
67.059998,68.309998,60,62.369999,58.534458,3814100,-5.370963323,Down
60,64.019997,59,63.759998,59.838974,3560400,2.228629161,Up
61.939999,63.450001,57.330002,59.240002,55.596939,2646700,-7.08908378,Down
57.759998,60.439999,54.52,60.43,56.713757,3156500,2.008776059,Up
63.07,66.07,60.43,64.980003,60.983955,2579500,7.529386565,Up
63.450001,68.510002,63.02,64.209999,60.261295,2088200,-1.185000219,Down
66.169998,70.610001,65.910004,68.760002,64.531502,2683200,7.086152065,Up
69.900002,72.580002,67.099998,67.739998,63.574219,2055500,-1.483435176,Down
65.589996,68.470001,63.549999,68.059998,63.874535,1691800,0.472386456,Up
69.309998,72.300003,67.18,68.910004,64.672279,2712300,1.248923378,Up
70.510002,71.629997,67.690002,70.559998,66.220779,2212800,2.394379824,Up
69.68,71.449997,67.309998,67.400002,63.255123,2327600,-4.478437199,Down
66.800003,67.120003,57.560001,58.849998,55.230923,5065100,-12.68545474,Down
57.740002,60.889999,57.619999,58.580002,54.97752,3532400,-0.458806383,Down
59.470001,60.220001,55.889999,57.119999,53.607315,2044200,-2.492300489,Down
57.57,58.599998,55.700001,56.689999,53.203758,1617900,-0.752802113,Down
56.009998,56.32,54.799999,55.450001,52.040012,828000,-2.18733797,Down
55.91,58,55.869999,57.860001,54.301804,877800,4.346255723,Up
59.98,60.540001,57.689999,59.470001,55.812805,1311900,2.782598162,Up
59.68,60.119999,58.240002,60.07,56.3759,1432700,1.008899302,Up
59.93,59.93,57.799999,58.939999,55.315388,2208800,-1.881144248,Down
60.200001,63.75,59.080002,63.119999,59.238338,1687300,7.091968694,Up
62.84,68.379997,62.200001,66.620003,62.523102,3216100,5.54499689,Up
68.68,69.699997,66.669998,67.410004,63.264534,3335600,1.185852871,Up
66.040001,66.940002,63.189999,64.089996,60.148682,2192100,-4.925116496,Down
63.060001,64.830002,61.610001,64.5,60.533482,2759600,0.639748016,Up
64.470001,64.889999,61.009998,61.759998,57.961964,2061500,-4.24809199,Down
60.290001,60.5,57.610001,58.919998,55.296616,3490400,-4.598443214,Down
58.849998,60.75,57.919998,60.029999,56.338356,2269900,1.883912752,Up
58.900002,58.900002,55.349998,56.150002,52.696968,2833100,-6.463426089,Down
56.459999,56.82,54.200001,56.619999,53.138058,2079200,0.837031079,Up
58.369999,59.5,56.209999,57.970001,54.405033,2665700,2.38430806,Up
57.25,58.25,55.360001,56.02,52.574963,3160300,-3.363788052,Down
57.470001,61.419998,56.959999,61.139999,57.3801,3571100,9.139591786,Up
59.849998,62.290001,58.23,60.139999,56.441593,3125900,-1.635596662,Down
57.619999,64.300003,57.619999,63.27,59.379116,2745200,5.204535953,Up
64.010002,67.360001,63.849998,65.489998,61.462585,3374000,3.508757187,Up
65.360001,66.449997,62.700001,63.849998,59.923443,2537400,-2.504193405,Down
66.480003,66.480003,64.330002,65.93,61.875515,2904900,3.257609881,Up
64.010002,65.300003,63.189999,63.98,60.045452,2228600,-2.957652959,Down
65.959999,65.959999,61.849998,62.759998,58.900478,2486900,-1.906845501,Down
61.669998,62.709999,60.299999,62.299999,58.468761,2638500,-0.732960096,Down
62.700001,63.529999,61.509998,63.080002,59.200798,2278800,1.252013875,Up
63.98,65.07,63.150002,64.059998,60.120522,3706000,1.553566896,Up
62.810001,65.220001,60.950001,64.82,60.833794,4311200,1.186403538,Up
64.050003,68.089996,63.52,67.489998,63.339584,2264200,4.119075657,Up
69,70.849998,67.629997,68.730003,64.503342,2244200,1.837331297,Up
68.760002,70.349998,64.589996,65.690002,61.650284,4442100,-4.423116557,Down
64.120003,66.080002,60.580002,62.48,58.749489,3145400,-4.705241909,Down
60.709999,63.549999,60,62.290001,58.57082,2884400,-0.304120092,Down
63.130001,64.370003,62.619999,63.41,59.623955,2889700,1.798054048,Up
64.540001,65.849998,59.18,60.459999,56.85009,10101800,-4.652266023,Down
60.869999,61.970001,59.110001,61.580002,57.903225,4270800,1.852477278,Up
63.080002,64.18,62.369999,62.849998,59.097378,3417300,2.062325544,Up
61,63.560001,60.509998,63.009998,59.247841,3171300,0.25460182,Up
64.470001,64.989998,60.669998,61.18,57.527103,3849900,-2.904304986,Down
61.509998,65.209999,61.23,64.760002,60.893364,4066900,5.851608763,Up
64.849998,66.940002,62.41,63.259998,59.48291,21066200,-2.316268814,Down
63.889999,65.279999,62.650002,62.810001,59.059776,6411900,-0.7113539,Down
61.779999,65.489998,60.779999,62.639999,58.899944,4570700,-0.270627508,Down
61.299999,62.150002,57.299999,57.970001,54.508759,3456600,-7.455329669,Down
59.110001,61.189999,57.939999,57.990002,54.527573,3936700,0.034515554,Up
60.68,60.68,57.84,58.080002,54.612209,7274600,0.155216884,Up
57.139999,57.900002,54.259998,55.27,51.969982,3384800,-4.838161738,Down
55.84,56.799999,53.299999,55.48,52.167446,3587300,0.379957799,Up
55.049999,57.540001,53.810001,54.290001,51.048492,3578700,-2.144927701,Down
55.52,58.400002,55.34,56.330002,52.966698,3826900,3.757615406,Up
56.209999,56.990002,54.790001,55.5,52.186241,3499100,-1.473486227,Down
55.709999,58.549999,55.049999,58.34,54.85667,2865500,5.117113149,Up
58.82,60.240002,58.09,59,55.477261,2779200,1.131295429,Up
59.09,61.439999,57.900002,60.099998,56.511581,2596600,1.864403508,Up
59.599998,62.639999,59.400002,62.639999,58.899944,2778900,4.226324866,Up
62.209999,65.120003,60.639999,64.360001,60.517235,3790100,2.745827738,Up
66.720001,71.410004,66,69.650002,65.491386,5797500,8.219395681,Up
69.599998,70,65.43,66.169998,62.219162,4605200,-4.996418918,Down
67.879997,71.410004,67.510002,71.410004,67.146294,2965800,7.918994473,Up
70,71.389999,68.550003,70.25,66.055557,2339300,-1.624418765,Down
69.849998,70.379997,66.07,68.870003,64.75795,2411100,-1.964417619,Down
69.949997,71.5,67.120003,67.370003,63.347523,3546600,-2.177998223,Down
66.059998,66.480003,64.290001,65.620003,61.702019,2343000,-2.597582229,Down
64.160004,65.82,63.299999,65.82,61.890072,2360200,0.304776088,Up
66.209999,66.5,62.5,62.860001,59.106812,2997900,-4.49710254,Down
61.619999,64.559998,61.25,63.59,59.793209,2077700,1.161282392,Up
65.449997,67.629997,64.860001,66.279999,62.322594,2814200,4.230221195,Up
65.889999,69.290001,65.660004,68.959999,64.842606,2370500,4.043496649,Up
68.010002,68.529999,66.75,68.220001,64.146759,1902000,-1.073132378,Down
66.879997,67.199997,65.809998,66.629997,62.651684,1695000,-2.330710114,Down
66.870003,69.309998,65.690002,68.709999,64.607513,2384900,3.121750087,Up
70.120003,71.389999,69.790001,71.389999,67.12751,2079900,3.900470523,Up
69.900002,71.379997,68.510002,70.75,66.525726,2247400,-0.896478955,Down
69.940002,73.459999,69.57,71.739998,67.456596,2123400,1.399263196,Up
71.620003,72.589996,70.040001,71.459999,67.193321,1957000,-0.390288001,Down
70.760002,73.089996,70,72.43,68.105392,1569500,1.357383422,Up
72.720001,74.050003,71.650002,73.440002,69.055092,1763200,1.394456404,Up
71.489998,71.550003,69.110001,69.339996,65.199883,1483700,-5.582801917,Down
67.540001,71.099998,67.540001,71.029999,66.788994,2265300,2.437291183,Up
70.419998,73.389999,69.639999,71.120003,66.873611,2735500,0.12669303,Up
72.980003,75.699997,71.690002,74.040001,69.619278,3905100,4.105755557,Up
75.110001,76.75,74.099998,76.190002,71.640892,3089700,2.90381351,Up
73.690002,76.550003,73.690002,76.019997,71.481033,2348000,-0.223139321,Down
75.529999,75.690002,73.830002,74.440002,69.995384,1977000,-2.078382107,Down
72.919998,77.129997,72.919998,74.110001,69.802299,2674100,-0.275853905,Down
74.089996,75.370003,71.43,72.410004,68.201118,2038900,-2.293880034,Down
72.730003,75.919998,72.730003,74.809998,70.461609,1914700,3.314448599,Up
75.379997,78.690002,74.949997,78.57,74.003044,2077700,5.026049008,Up
77.400002,78.449997,76,78.260002,73.711067,2199600,-0.394547284,Down
79.790001,80.330002,77.660004,79.559998,74.935509,2472600,1.661137262,Up
81.709999,82.629997,75.540001,76.669998,72.213478,2427500,-3.632498179,Down
77.959999,80.599998,77.949997,79.650002,75.020287,2359300,3.886821516,Up
77.980003,78.230003,76.300003,77.019997,72.543129,1936000,-3.301984169,Down
78.07,78.25,75.360001,77.519997,73.014091,2261800,0.649216551,Up
77.150002,77.150002,72.739998,73.470001,69.199509,2807400,-5.224446333,Down
72.970001,74.519997,72.32,74,69.698685,2419200,0.721357719,Up
72.709999,74.32,71.949997,72.480003,68.267052,2318800,-2.054031579,Down
73.669998,76.150002,73.669998,76.089996,71.667198,2090800,4.980654504,Up
76.080002,78.089996,75.150002,77.18,72.693855,1809800,1.43253403,Up
78.75,80.660004,77.400002,77.610001,73.098862,2131900,0.557140628,Up
76.080002,76.349998,74.129997,75.690002,71.290451,1823500,-2.47392497,Down
75.949997,77.599998,75.610001,76.290001,71.855591,1561600,0.792728889,Up
75.879997,78.860001,74.730003,78.470001,73.908859,2077300,2.857492328,Up
78.540001,80.290001,77.739998,77.800003,73.277832,2111200,-0.853790748,Down
78.860001,82.260002,78.239998,81.709999,76.960541,2391700,5.025679526,Up
83.120003,84.279999,82.410004,84.279999,79.381149,2894600,3.145258555,Up
88,89.75,86.110001,89.190002,84.005768,3552600,5.825840339,Up
88.510002,89.389999,87.559998,88.690002,83.534813,1937000,-0.560622218,Down
86.68,86.989998,82.330002,83.639999,78.778358,3168000,-5.693979347,Down
84.970001,87.389999,84.07,86.669998,81.632256,2236900,3.622692923,Up
87.5,87.970001,83.870003,87.239998,82.169113,3719800,0.657653024,Up
85.989998,89.040001,85.720001,88.410004,83.271118,2622600,1.341142626,Up
90.019997,92.309998,89.330002,91.209999,85.908371,3068200,3.167068082,Up
92.610001,92.949997,90.25,91.629997,86.303932,2728800,0.460445234,Up
91.610001,94.080002,90.57,92.57,87.189308,2836700,1.025881416,Up
91.5,91.93,89.860001,91.709999,86.379295,1839500,-0.929027903,Down
90.129997,90.650002,88.400002,90.040001,84.806366,2077700,-1.820956052,Down
91.25,92.190002,88.43,88.68,83.525421,1991200,-1.51043496,Down
88.129997,89,86.269997,87.980003,82.866104,2481500,-0.789360882,Down
87.620003,89.25,86.419998,87.440002,82.357498,2078200,-0.613768447,Down
88.620003,88.910004,86.489998,87.669998,82.574104,2275600,0.263007018,Up
85.669998,85.93,81.730003,82.059998,77.290192,2639500,-6.398994048,Down
82.550003,83.82,81.230003,83,78.175568,2022000,1.145521802,Up
84,85.860001,82.690002,84.449997,79.541283,2308200,1.746984429,Up
85.540001,87.989998,84.830002,87.639999,82.545837,2056600,3.777351693,Up
87.07,87.25,84.230003,84.580002,79.663734,3811000,-3.491518294,Down
85.360001,86.169998,84.129997,84.449997,79.541283,2726000,-0.153709842,Down
83.839996,85.68,81.43,83.050003,78.222664,2975500,-1.657779395,Down
84.139999,84.860001,81.690002,81.849998,77.092407,2632500,-1.444922663,Down
80.080002,80.220001,77.699997,77.699997,73.18364,2728300,-5.070236035,Down
76.760002,79.129997,75.800003,78.900002,74.313911,3423400,1.544431242,Up
78.980003,78.980003,76.080002,76.209999,71.780243,2895800,-3.409412808,Down
75.93,77.389999,74.419998,76.839996,72.373619,3125800,0.826656438,Up
77.809998,79.199997,76.550003,78.059998,73.522697,2918800,1.587702834,Up
76.589996,78.209999,76,77.949997,73.419106,1911000,-0.140896627,Down
77.970001,78.830002,75.709999,78.82,74.238518,1849600,1.116074609,Up
79.5,80.550003,78.480003,80.330002,75.660767,2210800,1.915783125,Up
81.919998,83.160004,81.32,83.010002,78.184959,2155600,3.336196684,Up
82.300003,84.690002,81.660004,84.269997,79.371735,1858100,1.517908323,Up
84.519997,85.5,83.589996,85.050003,80.106415,2093600,0.925619177,Up
86.389999,87.209999,84.830002,87.129997,82.065506,2073800,2.445610629,Up
88.089996,89.669998,87.059998,88.529999,83.384132,2420600,1.606796892,Up
87.260002,88.599998,86.089996,87.900002,82.790749,2367300,-0.711625804,Down
86.5,92.349998,86.5,92.279999,86.916153,4088900,4.982928709,Up
91.489998,93.32,90,93.129997,87.716743,2698400,0.921106115,Up
93.449997,94.410004,91.650002,94.120003,88.649193,2450300,1.063023966,Up
92.949997,93.379997,91.559998,93.019997,87.613129,3741000,-1.168723555,Down
90.93,91.239998,88.800003,90.660004,85.390327,3812500,-2.537064964,Down
90.900002,91.089996,88.470001,89.849998,84.744232,2504700,-0.756637224,Down
88.910004,90.25,87.849998,89.870003,84.7631,2423100,0.022264642,Up
92.07,92.980003,91.519997,92.489998,87.234245,2256600,2.915354677,Up
91.440002,92.519997,90.110001,91.599998,86.394791,1864100,-0.962298694,Down
90.5,91.040001,89.599998,90.330002,85.196953,1856900,-1.386470163,Down
90.199997,90.790001,88.510002,89.559998,84.470734,1403000,-0.852400203,Down
90.410004,90.5,87.589996,89.040001,83.980286,2046700,-0.580612926,Down
89.589996,89.650002,88.029999,88.93,83.876541,1164700,-0.123534945,Down
89,89,86.190002,86.620003,81.697777,1659400,-2.597584466,Down
87.07,89.269997,86.410004,88.239998,83.225723,1392600,1.87024183,Up
89.080002,90.440002,88.059998,90.239998,85.112076,1575900,2.266550451,Up
89.940002,89.940002,86.690002,87.629997,82.650398,1437600,-2.892278177,Down
85.010002,85.410004,83.779999,84.489998,79.688828,1617300,-3.583249533,Down
84.660004,86.07,84.120003,85.449997,80.594269,1487400,1.136220751,Up
83.949997,88.029999,83.639999,87.220001,82.263702,1783000,2.071404109,Up
87.169998,88.199997,86.639999,87.639999,82.659798,1372900,0.481495472,Up
88.910004,90.349998,88.589996,90,84.885704,1702700,2.692851971,Up
90.400002,92.139999,90.290001,91.559998,86.357071,1550900,1.733350765,Up
92.279999,92.300003,89.050003,90.339996,85.206375,1840500,-1.332486138,Down
89.389999,91.260002,89.169998,91.160004,85.979813,2168600,0.90772316,Up
90.529999,91.349998,88.699997,91.040001,85.8666,1488900,-0.131673931,Down
92.190002,92.360001,90.010002,90.760002,85.602547,1350300,-0.307515379,Down
88.970001,89.440002,88,89.419998,84.338684,1715000,-1.476431537,Down
89.150002,90.93,87.339996,87.610001,82.631516,1961000,-2.024181454,Down
87.529999,88.410004,85.730003,86.25,81.348816,1964000,-1.552313284,Down
87.010002,87.279999,86.129997,87.050003,82.103348,1975300,0.927526714,Up
86.68,89.019997,86.519997,88.68,83.640732,1314500,1.872498549,Up
90.349998,92.25,90.349998,91.809998,86.592873,2222700,3.529549454,Up
91.900002,92.309998,90.209999,91,85.828903,2707100,-0.882255056,Down
91.669998,94.75,90.870003,94.489998,89.120575,2425200,3.835155624,Up
94.68,95.709999,92.540001,93.660004,88.337753,2541200,-0.878385266,Down
92.459999,94.25,92.110001,94.099998,88.752731,1528700,0.469762911,Up
94.43,94.910004,92.730003,94.690002,89.309219,1908100,0.627009438,Up
94.830002,97.269997,94.120003,96.849998,91.346466,2471900,2.28111613,Up
96.300003,97.040001,94.639999,95.360001,89.941139,2265100,-1.538457985,Down
95.989998,95.989998,92.75,93.989998,88.648979,2266200,-1.436672933,Down